,Title,Publication Link,Authors,Pureportal Link,Publication Date
0,An Extended Plant Circadian Clock Model for Characterising Flowering Time under Different Light Quality Conditions,https://pureportal.coventry.ac.uk/en/publications/an-extended-plant-circadian-clock-model-for-characterising-flower,"Roden, L.",https://pureportal.coventry.ac.uk/en/persons/laura-roden,9 Jan 2023
1,Challenges and prospects of climate change impact assessment on mangrove environments through mathematical models,https://pureportal.coventry.ac.uk/en/publications/challenges-and-prospects-of-climate-change-impact-assessment-on-m,"Daneshkhah, A.",https://pureportal.coventry.ac.uk/en/persons/alireza-daneshkhah,25 Feb 2023
2,Diabetic Retinopathy Detection Using Transfer and Reinforcement Learning with Effective Image Preprocessing and Data Augmentation Techniques,https://pureportal.coventry.ac.uk/en/publications/diabetic-retinopathy-detection-using-transfer-and-reinforcement-l,"Ma, Y.",https://pureportal.coventry.ac.uk/en/persons/yingliang-ma,7 Feb 2023
3,Entropy‐based lamarckian quantum‐behaved particle swarm optimization for flexible ligand docking,https://pureportal.coventry.ac.uk/en/publications/entropybased-lamarckian-quantumbehaved-particle-swarm-optimizatio,"Palade, V.",https://pureportal.coventry.ac.uk/en/persons/vasile-palade,Mar 2023
4,Extracting the Evolutionary Backbone of Scientific Domains: The Semantic Main Path Network Approach Based on Citation Context Analysis,https://pureportal.coventry.ac.uk/en/publications/extracting-the-evolutionary-backbone-of-scientific-domains-the-se,"Jiang, X.",https://pureportal.coventry.ac.uk/en/persons/xiaorui-jiang,15 Feb 2023
5,Gene Regulatory Network Inference through Link Prediction using Graph Neural Network,https://pureportal.coventry.ac.uk/en/publications/gene-regulatory-network-inference-through-link-prediction-using-g,"He, F.",https://pureportal.coventry.ac.uk/en/persons/fei-he,19 Jan 2023
6,Kernel-based Nonlinear Manifold Learning for EEG Functional Connectivity Analysis with Application to Alzheimer's Disease,https://pureportal.coventry.ac.uk/en/publications/kernel-based-nonlinear-manifold-learning-for-eeg-functional-conne,"He, F.",https://pureportal.coventry.ac.uk/en/persons/fei-he,19 Jan 2023
7,Not Born of Woman: Gendered Robots,https://pureportal.coventry.ac.uk/en/publications/not-born-of-woman-gendered-robots,"Shah, H.",https://pureportal.coventry.ac.uk/en/persons/huma-shah,26 Feb 2023
8,PoseNormNet: Identity-preserved Posture Normalization of 3D Body Scans in Arbitrary Postures,https://pureportal.coventry.ac.uk/en/publications/posenormnet-identity-preserved-posture-normalization-of-3d-body-s,"Hu, P.",https://pureportal.coventry.ac.uk/en/persons/pengpeng-hu,16 Feb 2023
9,Unidirectional Migration of Populations with Allee Effect,https://pureportal.coventry.ac.uk/en/publications/unidirectional-migration-of-populations-with-allee-effect,"Sadeghimanesh, A.",https://pureportal.coventry.ac.uk/en/persons/amirhosein-sadeghimanesh-sadeghi-manesh,10 Jan 2023
10,XDLL: Explained Deep Learning LiDAR-Based Localization and Mapping Method for Self-Driving Vehicles,https://pureportal.coventry.ac.uk/en/publications/xdll-explained-deep-learning-lidar-based-localization-and-mapping,"Palade, V.",https://pureportal.coventry.ac.uk/en/persons/vasile-palade,22 Jan 2023
11,A community energy management system for smart microgrids,https://pureportal.coventry.ac.uk/en/publications/a-community-energy-management-system-for-smart-microgrids,"Halford, A.",https://pureportal.coventry.ac.uk/en/persons/alison-halford,Aug 2022
12,A Hybrid Linear Iterative Clustering and Bayes Classification-Based GrabCut Segmentation Scheme for Dynamic Detection of Cervical Cancer,https://pureportal.coventry.ac.uk/en/publications/a-hybrid-linear-iterative-clustering-and-bayes-classification-bas,"Palade, V.",https://pureportal.coventry.ac.uk/en/persons/vasile-palade,18 Oct 2022
13,Allocating Medical Resources (vaccine) to Control a Pandemic,https://pureportal.coventry.ac.uk/en/publications/allocating-medical-resources-vaccine-to-control-a-pandemic,"Ajao-Olarinoye, M.",https://pureportal.coventry.ac.uk/en/persons/michael-ajao-olarinoye,26 Apr 2022
14,An Agent-Based Optimisation Approach for Vehicle Routing Problem with Unique Vehicle Location and Depot,https://pureportal.coventry.ac.uk/en/publications/an-agent-based-optimisation-approach-for-vehicle-routing-problem-,"Palade, V.",https://pureportal.coventry.ac.uk/en/persons/vasile-palade,15 Apr 2022
15,An Effective Swarm Intelligence Optimization Algorithm for Flexible Ligand Docking,https://pureportal.coventry.ac.uk/en/publications/an-effective-swarm-intelligence-optimization-algorithm-for-flexib,"Palade, V.",https://pureportal.coventry.ac.uk/en/persons/vasile-palade,1 Sep 2022
16,An improved Gaussian distribution based quantum-behaved particle swarm optimization algorithm for engineering shape design problems,https://pureportal.coventry.ac.uk/en/publications/an-improved-gaussian-distribution-based-quantum-behaved-particle-,"Palade, V.",https://pureportal.coventry.ac.uk/en/persons/vasile-palade,4 May 2022
17,An integrated framework for diagnosing process faults with incomplete features,https://pureportal.coventry.ac.uk/en/publications/an-integrated-framework-for-diagnosing-process-faults-with-incomp,"Palade, V.",https://pureportal.coventry.ac.uk/en/persons/vasile-palade,Jan 2022
18,An SMT solver for non-linear real arithmetic inside maple,https://pureportal.coventry.ac.uk/en/publications/an-smt-solver-for-non-linear-real-arithmetic-inside-maple-2,"England, M.",https://pureportal.coventry.ac.uk/en/persons/matthew-england,23 Nov 2022
19,An SMT solver for non-linear real arithmetic inside Maple,https://pureportal.coventry.ac.uk/en/publications/an-smt-solver-for-non-linear-real-arithmetic-inside-maple,"England, M.",https://pureportal.coventry.ac.uk/en/persons/matthew-england,6 Jul 2022
20,Application of Amazon Web Services within teaching & learning at Coventry University Group,https://pureportal.coventry.ac.uk/en/publications/application-of-amazon-web-services-within-teaching-amp-learning-a,"England, M.",https://pureportal.coventry.ac.uk/en/persons/matthew-england,6 Jan 2022
21,Artificial Intelligence in Cars: How Close Yet Far Are We from Fully Autonomous Vehicles?,https://pureportal.coventry.ac.uk/en/publications/artificial-intelligence-in-cars-how-close-yet-far-are-we-from-ful,"Deo, A.",https://pureportal.coventry.ac.uk/en/persons/ankur-deo,3 May 2022
22,Assessing Risks in Dairy Supply Chain Systems: A System Dynamics Approach,https://pureportal.coventry.ac.uk/en/publications/assessing-risks-in-dairy-supply-chain-systems-a-system-dynamics-a,"Daneshkhah, A.",https://pureportal.coventry.ac.uk/en/persons/alireza-daneshkhah,4 Aug 2022
23,Bispectrum-based Cross-frequency Functional Connectivity: Classification of Alzheimer's disease,https://pureportal.coventry.ac.uk/en/publications/bispectrum-based-cross-frequency-functional-connectivity-classifi,"He, F.",https://pureportal.coventry.ac.uk/en/persons/fei-he,8 Sep 2022
24,Brain Tumor Classification Using a Combination of Variational Autoencoders and Generative Adversarial Networks,https://pureportal.coventry.ac.uk/en/publications/brain-tumor-classification-using-a-combination-of-variational-aut,"Palade, V.",https://pureportal.coventry.ac.uk/en/persons/vasile-palade,21 Jan 2022
25,Cell site analysis; Changes to networks with time,https://pureportal.coventry.ac.uk/en/publications/cell-site-analysis-changes-to-networks-with-time,"Tart, M. S.",https://pureportal.coventry.ac.uk/en/persons/matthew-stephen-tart,May 2022
26,Characterising Alzheimers Disease with EEG-based Energy Landscape Analysis,https://pureportal.coventry.ac.uk/en/publications/characterising-alzheimers-disease-with-eeg-based-energy-landscape-2,"He, F.",https://pureportal.coventry.ac.uk/en/persons/fei-he,1 Mar 2022
27,"Clogs and Shawls: Mormons, Moorlands, and the Search for Zion",https://pureportal.coventry.ac.uk/en/publications/clogs-and-shawls-mormons-moorlands-and-the-search-for-zion,"Halford, A.",https://pureportal.coventry.ac.uk/en/persons/alison-halford,31 Jan 2022
28,Comparative Graph-based Summarization of Scientific Papers Guided by Comparative Citations,https://pureportal.coventry.ac.uk/en/publications/comparative-graph-based-summarization-of-scientific-papers-guided,"Jiang, X.",https://pureportal.coventry.ac.uk/en/persons/xiaorui-jiang,Oct 2022
29,Comparing the Behaviour of Two Topic-Modelling Algorithms in COVID-19 Vaccination Tweets,https://pureportal.coventry.ac.uk/en/publications/comparing-the-behaviour-of-two-topic-modelling-algorithms-in-covi,"Daneshkhah, A.",https://pureportal.coventry.ac.uk/en/persons/alireza-daneshkhah,Jan 2022
30,Contextualised Segment-Wise Citation Function Classification,https://pureportal.coventry.ac.uk/en/publications/contextualised-segment-wise-citation-function-classification,"Jiang, X.",https://pureportal.coventry.ac.uk/en/persons/xiaorui-jiang,2022
31,Convolution neural networks for pothole detection of critical road infrastructure,https://pureportal.coventry.ac.uk/en/publications/convolution-neural-networks-for-pothole-detection-of-critical-roa,"Palade, V.",https://pureportal.coventry.ac.uk/en/persons/vasile-palade,Apr 2022
32,Data-driven dynamical modelling of a pathogen-infected plant gene regulatory network: A comparative analysis,https://pureportal.coventry.ac.uk/en/publications/data-driven-dynamical-modelling-of-a-pathogen-infected-plant-gene,"He, F.",https://pureportal.coventry.ac.uk/en/persons/fei-he,Sep 2022
33,Detection of sleep apnea using Machine learning algorithms based on ECG Signals: A comprehensive systematic review,https://pureportal.coventry.ac.uk/en/publications/detection-of-sleep-apnea-using-machine-learning-algorithms-based-,"Daneshkhah, A.",https://pureportal.coventry.ac.uk/en/persons/alireza-daneshkhah,Jan 2022
34,Differential radial basis function network for sequence modelling,https://pureportal.coventry.ac.uk/en/publications/differential-radial-basis-function-network-for-sequence-modelling,"Gaura, E.",https://pureportal.coventry.ac.uk/en/persons/elena-gaura,1 Mar 2022
35,Edge-Enhancement DenseNet for X-ray Fluoroscopy Image Denoising in Cardiac Electrophysiology Procedures,https://pureportal.coventry.ac.uk/en/publications/edge-enhancement-densenet-for-x-ray-fluoroscopy-image-denoising-i,"Ma, Y.",https://pureportal.coventry.ac.uk/en/persons/yingliang-ma,Feb 2022
36,EEG-based Graph Neural Network Classification of Alzheimer's Disease: An Empirical Evaluation of Functional Connectivity Methods,https://pureportal.coventry.ac.uk/en/publications/eeg-based-graph-neural-network-classification-of-alzheimers-disea,"He, F.",https://pureportal.coventry.ac.uk/en/persons/fei-he,6 Sep 2022
37,Efficacy of COVID-19 vaccines by race and ethnicity,https://pureportal.coventry.ac.uk/en/publications/efficacy-of-covid-19-vaccines-by-race-and-ethnicity,"Daneshkhah, A.",https://pureportal.coventry.ac.uk/en/persons/alireza-daneshkhah,5 May 2022
38,Examining Type 1 Diabetes Mathematical Models Using Experimental Data,https://pureportal.coventry.ac.uk/en/publications/examining-type-1-diabetes-mathematical-models-using-experimental-,"Daneshkhah, A.",https://pureportal.coventry.ac.uk/en/persons/alireza-daneshkhah,10 Jan 2022
39,Exploiting Domain Structures in Heuristic Algorithms for the Set Covering Problem: A Literature Review,https://pureportal.coventry.ac.uk/en/publications/exploiting-domain-structures-in-heuristic-algorithms-for-the-set-,"Babatunde, A.",https://pureportal.coventry.ac.uk/en/persons/abiola-babatunde,1 Apr 2022
40,Exploring dynamical properties of a Type 1 diabetes model using sensitivity approaches,https://pureportal.coventry.ac.uk/en/publications/exploring-dynamical-properties-of-a-type-1-diabetes-model-using-s,"Daneshkhah, A.",https://pureportal.coventry.ac.uk/en/persons/alireza-daneshkhah,Nov 2022
41,"Fast, detailed, accurate simulation of a thermal car-cabin using machine-learning",https://pureportal.coventry.ac.uk/en/publications/fast-detailed-accurate-simulation-of-a-thermal-car-cabin-using-ma,"Gaura, E.",https://pureportal.coventry.ac.uk/en/persons/elena-gaura,10 Mar 2022
42,Feedback and Engagement on an Introductory Programming Module,https://pureportal.coventry.ac.uk/en/publications/feedback-and-engagement-on-an-introductory-programming-module,"England, M.",https://pureportal.coventry.ac.uk/en/persons/matthew-england,6 Jan 2022
43,Framework for Generating Integrable Expressions,https://pureportal.coventry.ac.uk/en/publications/framework-for-generating-integrable-expressions,"Barket, R.",https://pureportal.coventry.ac.uk/en/persons/rashid-barket,2 Nov 2022
44,From Theory to Practice: A review of co-design methods for humanitarian energy ecosystems,https://pureportal.coventry.ac.uk/en/publications/from-theory-to-practice-a-review-of-co-design-methods-for-humanit,"Gaura, E.",https://pureportal.coventry.ac.uk/en/persons/elena-gaura,Jul 2022
45,Gaussian Process Emulation of Spatio-temporal Outputs of a 2D Inland Flood Model,https://pureportal.coventry.ac.uk/en/publications/gaussian-process-emulation-of-spatio-temporal-outputs-of-a-2d-inl,"Daneshkhah, A.",https://pureportal.coventry.ac.uk/en/persons/alireza-daneshkhah,15 Oct 2022
46,Impact Evaluation of Solar Photovoltaic Electrification: Indigenous Community Case Study in Brazilian Amazon,https://pureportal.coventry.ac.uk/en/publications/impact-evaluation-of-solar-photovoltaic-electrification-indigenou,"Daneshkhah, A.",https://pureportal.coventry.ac.uk/en/persons/alireza-daneshkhah,14 Apr 2022
47,Incorporating forecasting and peer-to-peer negotiation frameworks into a distributed model predictive control approach for meshed electric networks,https://pureportal.coventry.ac.uk/en/publications/incorporating-forecasting-and-peer-to-peer-negotiation-frameworks,"Gaura, E.",https://pureportal.coventry.ac.uk/en/persons/elena-gaura,1 Sep 2022
48,Kac-Rice formulas and the number of solutions of parametrized systems of polynomial equations,https://pureportal.coventry.ac.uk/en/publications/kac-rice-formulas-and-the-number-of-solutions-of-parametrized-sys,"Sadeghimanesh, A.",https://pureportal.coventry.ac.uk/en/persons/amirhosein-sadeghimanesh-sadeghi-manesh,11 Aug 2022
49,Levelwise construction of a single cylindrical algebraic cell,https://pureportal.coventry.ac.uk/en/publications/levelwise-construction-of-a-single-cylindrical-algebraic-cell,"England, M.",https://pureportal.coventry.ac.uk/en/persons/matthew-england,25 Nov 2022
50,Leveraging Arabic sentiment classification using an enhanced CNN-LSTM approach and effective Arabic text preparation,https://pureportal.coventry.ac.uk/en/publications/leveraging-arabic-sentiment-classification-using-an-enhanced-cnn-,"Palade, V.",https://pureportal.coventry.ac.uk/en/persons/vasile-palade,Nov 2022
51,LIFT: lncRNA identification and function-prediction tool,https://pureportal.coventry.ac.uk/en/publications/lift-lncrna-identification-and-function-prediction-tool,"England, M.",https://pureportal.coventry.ac.uk/en/persons/matthew-england,17 Jan 2022
52,Machine Learning for Computer Algebra,https://pureportal.coventry.ac.uk/en/publications/machine-learning-for-computer-algebra,"England, M.",https://pureportal.coventry.ac.uk/en/persons/matthew-england,2022
53,Markov Chain Monte Carlo-Based Estimation of Stress–Strength Reliability Parameter for Generalized Linear Failure Rate Distributions,https://pureportal.coventry.ac.uk/en/publications/markov-chain-monte-carlo-based-estimation-of-stressstrength-relia,"Daneshkhah, A.",https://pureportal.coventry.ac.uk/en/persons/alireza-daneshkhah,2022
54,"Matrix decomposition by transforming the unit sphere to an Ellipsoid through Dilation, Rotation and Shearing",https://pureportal.coventry.ac.uk/en/publications/matrix-decomposition-by-transforming-the-unit-sphere-to-an-ellips,"Sadeghimanesh, A.",https://pureportal.coventry.ac.uk/en/persons/amirhosein-sadeghimanesh-sadeghi-manesh,19 Oct 2022
55,Minimizing Age of Information in Multi-hop Energy-Harvesting Wireless Sensor Network,https://pureportal.coventry.ac.uk/en/publications/minimizing-age-of-information-in-multi-hop-energy-harvesting-wire,"Benkhelifa, F.",https://pureportal.coventry.ac.uk/en/persons/fatma-benkhelifa,9 Aug 2022
56,Monte Carlo Simulation of Stochastic Differential Equation to Study Information Geometry,https://pureportal.coventry.ac.uk/en/publications/monte-carlo-simulation-of-stochastic-differential-equation-to-stu,"Kim, E.",https://pureportal.coventry.ac.uk/en/persons/e-j-kim,12 Aug 2022
57,More than faith - Muslim-heritage children in care: Strategic Briefing,https://pureportal.coventry.ac.uk/en/publications/more-than-faith-muslim-heritage-children-in-care-strategic-briefi,"Cheruvallil-Contractor, S.",https://pureportal.coventry.ac.uk/en/persons/sariya-cheruvallil-contractor,31 May 2022
58,Multi-phase locking value: A generalized method for determining instantaneous multi-frequency phase coupling,https://pureportal.coventry.ac.uk/en/publications/multi-phase-locking-value-a-generalized-method-for-determining-in-2,"He, F.",https://pureportal.coventry.ac.uk/en/persons/fei-he,Apr 2022
59,New heuristic to choose a cylindrical algebraic decomposition variable ordering motivated by complexity analysis,https://pureportal.coventry.ac.uk/en/publications/new-heuristic-to-choose-a-cylindrical-algebraic-decomposition-var,"England, M.",https://pureportal.coventry.ac.uk/en/persons/matthew-england,11 Aug 2022
60,Off the boil? The challenges of monitoring cooking behaviour in refugee settlements,https://pureportal.coventry.ac.uk/en/publications/off-the-boil-the-challenges-of-monitoring-cooking-behaviour-in-re,"Nixon, J.",https://pureportal.coventry.ac.uk/en/persons/jonathan-nixon,22 Aug 2022
61,On the impact of prior distributions on efficiency of sparse Gaussian process regression,https://pureportal.coventry.ac.uk/en/publications/on-the-impact-of-prior-distributions-on-efficiency-of-sparse-gaus,"Daneshkhah, A.",https://pureportal.coventry.ac.uk/en/persons/alireza-daneshkhah,26 Jun 2022
62,On the Implementation of Cylindrical Algebraic Coverings for Satisfiability Modulo Theories Solving,https://pureportal.coventry.ac.uk/en/publications/on-the-implementation-of-cylindrical-algebraic-coverings-for-sati,"England, M.",https://pureportal.coventry.ac.uk/en/persons/matthew-england,10 Feb 2022
63,On the Scalability of Duty-Cycled LoRa Networks with Imperfect SF Orthogonality,https://pureportal.coventry.ac.uk/en/publications/on-the-scalability-of-duty-cycled-lora-networks-with-imperfect-sf,"Benkhelifa, F.",https://pureportal.coventry.ac.uk/en/persons/fatma-benkhelifa,1 Nov 2022
64,Parallel multi-swarm cooperative particle swarm optimization for protein–ligand docking and virtual screening,https://pureportal.coventry.ac.uk/en/publications/parallel-multi-swarm-cooperative-particle-swarm-optimization-for-,"Palade, V.",https://pureportal.coventry.ac.uk/en/persons/vasile-palade,30 May 2022
65,Parts of Speech Tagging in NLP- an Investigation on Runtime Optimization with Quantum Formulation and ZX Calculus,https://pureportal.coventry.ac.uk/en/publications/parts-of-speech-tagging-in-nlp-an-investigation-on-runtime-optimi,"Palade, V.",https://pureportal.coventry.ac.uk/en/persons/vasile-palade,10 Mar 2022
66,Polynomial Superlevel Set Representation of the Multistationarity Region of Chemical Reaction Networks,https://pureportal.coventry.ac.uk/en/publications/polynomial-superlevel-set-representation-of-the-multistationarity,"England, M.",https://pureportal.coventry.ac.uk/en/persons/matthew-england,27 Sep 2022
67,Predicting Primary Sequence-Based Protein-Protein Interactions Using a Mercer Series Representation of Nonlinear Support Vector Machine,https://pureportal.coventry.ac.uk/en/publications/predicting-primary-sequence-based-protein-protein-interactions-us,"Daneshkhah, A.",https://pureportal.coventry.ac.uk/en/persons/alireza-daneshkhah,1 Dec 2022
68,Predicting the Public Adoption of Connected and Autonomous Vehicles,https://pureportal.coventry.ac.uk/en/publications/predicting-the-public-adoption-of-connected-and-autonomous-vehicl,"Palade, V.",https://pureportal.coventry.ac.uk/en/persons/vasile-palade,1 Feb 2022
69,Privacy Enhancing Technologies (PETs) for Connected Vehicles in Smart Cities,https://pureportal.coventry.ac.uk/en/publications/privacy-enhancing-technologies-pets-for-connected-vehicles-in-sma,"Mitchell, F.",https://pureportal.coventry.ac.uk/en/persons/faye-mitchell,Oct 2022
70,Rapid Localization and Mapping Method Based on Adaptive Particle Filters,https://pureportal.coventry.ac.uk/en/publications/rapid-localization-and-mapping-method-based-on-adaptive-particle-,"Palade, V.",https://pureportal.coventry.ac.uk/en/persons/vasile-palade,2 Dec 2022
71,RDPSOVina: the random drift particle swarm optimization for protein-ligand docking,https://pureportal.coventry.ac.uk/en/publications/rdpsovina-the-random-drift-particle-swarm-optimization-for-protei,"Palade, V.",https://pureportal.coventry.ac.uk/en/persons/vasile-palade,Jun 2022
72,Resilient Consensus Control Design for DC Microgrids against False Data Injection Attacks Using a Distributed Bank of Sliding Mode Observers,https://pureportal.coventry.ac.uk/en/publications/resilient-consensus-control-design-for-dc-microgrids-against-fals,"Palade, V.",https://pureportal.coventry.ac.uk/en/persons/vasile-palade,30 Mar 2022
73,Saving Research Budgets by Improving Algebraic Tools for the Study of Population Dynamics,https://pureportal.coventry.ac.uk/en/publications/saving-research-budgets-by-improving-algebraic-tools-for-the-stud,"Sadeghimanesh, A.",https://pureportal.coventry.ac.uk/en/persons/amirhosein-sadeghimanesh-sadeghi-manesh,7 Mar 2022
74,SC-Square: Future Progress with Machine Learning,https://pureportal.coventry.ac.uk/en/publications/sc-square-future-progress-with-machine-learning,"England, M.",https://pureportal.coventry.ac.uk/en/persons/matthew-england,14 Nov 2022
75,SC-Square: Overview to 2021.,https://pureportal.coventry.ac.uk/en/publications/sc-square-overview-to-2021,"England, M.",https://pureportal.coventry.ac.uk/en/persons/matthew-england,14 Nov 2022
76,Stable likelihood computation for machine learning of linear differential operators with Gaussian processes,https://pureportal.coventry.ac.uk/en/publications/stable-likelihood-computation-for-machine-learning-of-linear-diff,"Daneshkhah, A.",https://pureportal.coventry.ac.uk/en/persons/alireza-daneshkhah,20 Apr 2022
77,Switching Trackers for Effective Sensor Fusion in Advanced Driver Assistance Systems,https://pureportal.coventry.ac.uk/en/publications/switching-trackers-for-effective-sensor-fusion-in-advanced-driver,"Palade, V.",https://pureportal.coventry.ac.uk/en/persons/vasile-palade,3 Nov 2022
78,The benefits of clustering in cylindrical algebraic decomposition,https://pureportal.coventry.ac.uk/en/publications/the-benefits-of-clustering-in-cylindrical-algebraic-decomposition,"England, M.",https://pureportal.coventry.ac.uk/en/persons/matthew-england,2022
79,"The politics of Matching: Ethnicity, Religion and Muslim-heritage Children in Care in the UK",https://pureportal.coventry.ac.uk/en/publications/the-politics-of-matching-ethnicity-religion-and-muslim-heritage-c,"Halford, A.",https://pureportal.coventry.ac.uk/en/persons/alison-halford,1 Dec 2022
80,The practice of AI and ethics in energy transition futures,https://pureportal.coventry.ac.uk/en/publications/the-practice-of-ai-and-ethics-in-energy-transition-futures,"Gaura, E.",https://pureportal.coventry.ac.uk/en/persons/elena-gaura,4 Jul 2022
81,Transfer Learning based Classification of Diabetic Retinopathy on the Kaggle EyePACS dataset,https://pureportal.coventry.ac.uk/en/publications/transfer-learning-based-classification-of-diabetic-retinopathy-on,"Ma, Y.",https://pureportal.coventry.ac.uk/en/persons/yingliang-ma,15 Nov 2022
82,Trustworthiness of systematic review automation: An Interview at Coventry University,https://pureportal.coventry.ac.uk/en/publications/trustworthiness-of-systematic-review-automation-an-interview-at-c,"Jiang, X.",https://pureportal.coventry.ac.uk/en/persons/xiaorui-jiang,2022
83,Using Machine Learning for Anomaly Detection on a System-on-Chip under Gamma Radiation,https://pureportal.coventry.ac.uk/en/publications/using-machine-learning-for-anomaly-detection-on-a-system-on-chip-,"Kasap, S.",https://pureportal.coventry.ac.uk/en/persons/server-kasap,5 Jan 2022
84,Using Machine Learning for Anomaly Detection on a System-on-Chip under Gamma Radiation,https://pureportal.coventry.ac.uk/en/publications/using-machine-learning-for-anomaly-detection-on-a-system-on-chip--2,"Kasap, S.",https://pureportal.coventry.ac.uk/en/persons/server-kasap,Nov 2022
85,Using Machine Learning in SC2,https://pureportal.coventry.ac.uk/en/publications/using-machine-learning-in-sc2,"del Río, T.",https://pureportal.coventry.ac.uk/en/persons/tereso-del-r%C3%ADo-almajano,23 Aug 2022
86,Using multi-objective optimisation with ADM1 and measured data to improve the performance of an existing anaerobic digestion system,https://pureportal.coventry.ac.uk/en/publications/using-multi-objective-optimisation-with-adm1-and-measured-data-to,"Brusey, J.",https://pureportal.coventry.ac.uk/en/persons/james-brusey,Aug 2022
87,Using Physics-informed Neural Networks to Model the Hydro-morphodynamics of Mangrove Environments,https://pureportal.coventry.ac.uk/en/publications/using-physics-informed-neural-networks-to-model-the-hydro-morphod,"Fanous, M.",https://pureportal.coventry.ac.uk/en/persons/majdi-fanous,9 Dec 2022
88,Word representation using refined contexts,https://pureportal.coventry.ac.uk/en/publications/word-representation-using-refined-contexts,"Palade, V.",https://pureportal.coventry.ac.uk/en/persons/vasile-palade,Sep 2022
89,Access Point Selection Strategies for Indoor 5G Millimeter-Wave Distributed Antenna Systems,https://pureportal.coventry.ac.uk/en/publications/access-point-selection-strategies-for-indoor-5g-millimeter-wave-d,"Yoo, S. K.",https://pureportal.coventry.ac.uk/en/persons/seongki-yoo,27 Apr 2021
90,Adversarial Learning on Incomplete and Imbalanced Medical Data for Robust Survival Prediction of Liver Transplant Patients,https://pureportal.coventry.ac.uk/en/publications/adversarial-learning-on-incomplete-and-imbalanced-medical-data-fo,"Palade, V.",https://pureportal.coventry.ac.uk/en/persons/vasile-palade,24 May 2021
91,A full-parallel implementation of Self-Organizing Maps on hardware,https://pureportal.coventry.ac.uk/en/publications/a-full-parallel-implementation-of-self-organizing-maps-on-hardwar,"Gaura, E.",https://pureportal.coventry.ac.uk/en/persons/elena-gaura,Nov 2021
92,A hybrid framework for brain tissue segmentation in magnetic resonance images,https://pureportal.coventry.ac.uk/en/publications/a-hybrid-framework-for-brain-tissue-segmentation-in-magnetic-reso,"Palade, V.",https://pureportal.coventry.ac.uk/en/persons/vasile-palade,Dec 2021
93,A hybrid framework for detecting and eliminating cyber-attacks in power grids,https://pureportal.coventry.ac.uk/en/publications/a-hybrid-framework-for-detecting-and-eliminating-cyber-attacks-in,"Palade, V.",https://pureportal.coventry.ac.uk/en/persons/vasile-palade,15 Sep 2021
94,A Jump-Markov Regularized Particle Filter for the estimation of ambiguous sensor faults,https://pureportal.coventry.ac.uk/en/publications/a-jump-markov-regularized-particle-filter-for-the-estimation-of-a,"Brusey, J.",https://pureportal.coventry.ac.uk/en/persons/james-brusey,14 Apr 2021
95,Analysis of standalone solar streetlights for improved energy access in displaced settlements,https://pureportal.coventry.ac.uk/en/publications/analysis-of-standalone-solar-streetlights-for-improved-energy-acc,"Gaura, E.",https://pureportal.coventry.ac.uk/en/persons/elena-gaura,Nov 2021
96,An Empirical Study of Span Modeling in Science NER,https://pureportal.coventry.ac.uk/en/publications/an-empirical-study-of-span-modeling-in-science-ner,"Jiang, X.",https://pureportal.coventry.ac.uk/en/persons/xiaorui-jiang,7 Sep 2021
97,A New Fuzzy Knowledge-Based Optimisation System for Management of Container Yard Operations,https://pureportal.coventry.ac.uk/en/publications/a-new-fuzzy-knowledge-based-optimisation-system-for-management-of,"Palade, V.",https://pureportal.coventry.ac.uk/en/persons/vasile-palade,26 Mar 2021
98,A New Method for Semi-Supervised Segmentation of Satellite Images,https://pureportal.coventry.ac.uk/en/publications/a-new-method-for-semi-supervised-segmentation-of-satellite-images,"Sharifzadeh, S.",https://pureportal.coventry.ac.uk/en/persons/sara-sharifzadeh,Mar 2021
99,An Improved Fuzzy Knowledge-Based Model For Long Stay Container Yards,https://pureportal.coventry.ac.uk/en/publications/an-improved-fuzzy-knowledge-based-model-for-long-stay-container-y,"Palade, V.",https://pureportal.coventry.ac.uk/en/persons/vasile-palade,10 Jun 2021
100,A probabilistic predictive model for assessing the economic reusability of load-bearing building components: Developing a Circular Economy framework,https://pureportal.coventry.ac.uk/en/publications/a-probabilistic-predictive-model-for-assessing-the-economic-reusa,"Daneshkhah, A.",https://pureportal.coventry.ac.uk/en/persons/alireza-daneshkhah,Jul 2021
101,A Quaternion Gated Recurrent Unit Neural Network for Sensor Fusion,https://pureportal.coventry.ac.uk/en/publications/a-quaternion-gated-recurrent-unit-neural-network-for-sensor-fusio,"Christopoulos, S.",https://pureportal.coventry.ac.uk/en/persons/stavros-christopoulos,9 Mar 2021
102,A Review on Collision Avoidance Systems for Unmanned Aerial Vehicles,https://pureportal.coventry.ac.uk/en/publications/a-review-on-collision-avoidance-systems-for-unmanned-aerial-vehic,"Yoo, S.",https://pureportal.coventry.ac.uk/en/persons/seongki-yoo,7 Dec 2021
103,A survey of empirical performance evaluation of permissioned blockchain platforms: Challenges and opportunities,https://pureportal.coventry.ac.uk/en/publications/a-survey-of-empirical-performance-evaluation-of-permissioned-bloc,"Yoo, S.",https://pureportal.coventry.ac.uk/en/persons/seongki-yoo,25 Jan 2021
104,"A Time Series Based Study of Correlation, Channel Power Imbalance and Diversity Gain in Indoor Distributed Antenna Systems at 60 GHz",https://pureportal.coventry.ac.uk/en/publications/a-time-series-based-study-of-correlation-channel-power-imbalance-,"Yoo, S. K.",https://pureportal.coventry.ac.uk/en/persons/seongki-yoo,1 Nov 2021
105,Bispectrum-based Cross-frequency Functional Connectivity: A Study of Alzheimer’s Disease,https://pureportal.coventry.ac.uk/en/publications/bispectrum-based-cross-frequency-functional-connectivity-a-study-,"He, F.",https://pureportal.coventry.ac.uk/en/persons/fei-he,8 Aug 2021
106,"Blockchain and smart contract for access control in healthcare: A survey, issues and challenges, and open issues",https://pureportal.coventry.ac.uk/en/publications/blockchain-and-smart-contract-for-access-control-in-healthcare-a-,"He, F.",https://pureportal.coventry.ac.uk/en/persons/fei-he,15 Mar 2021
107,Building Capacity: HEED Skills Audit and Recommendations:  HEED Skills Audit and Recommendations,https://pureportal.coventry.ac.uk/en/publications/building-capacity-heed-skills-audit-and-recommendations-heed-skil,"Halford, A.",https://pureportal.coventry.ac.uk/en/persons/alison-halford,24 Mar 2021
108,Cell site analysis; use and reliability of survey methods,https://pureportal.coventry.ac.uk/en/publications/cell-site-analysis-use-and-reliability-of-survey-methods,"Tart, M. S.",https://pureportal.coventry.ac.uk/en/persons/matthew-stephen-tart,Sep 2021
109,Centralised and decentralised sensor fusion‐based emergency brake assist,https://pureportal.coventry.ac.uk/en/publications/centralised-and-decentralised-sensor-fusionbased-emergency-brake-,"Palade, V.",https://pureportal.coventry.ac.uk/en/persons/vasile-palade,11 Aug 2021
110,Characterising Alzheimer's Disease with EEG-based Energy Landscape Analysis,https://pureportal.coventry.ac.uk/en/publications/characterising-alzheimers-disease-with-eeg-based-energy-landscape,"He, F.",https://pureportal.coventry.ac.uk/en/persons/fei-he,19 Feb 2021
111,Critical behavior of magnetic polymers in two and three dimensions,https://pureportal.coventry.ac.uk/en/publications/critical-behavior-of-magnetic-polymers-in-two-and-three-dimension,"He, F.",https://pureportal.coventry.ac.uk/en/persons/fei-he,16 Aug 2021
112,CSI-COP Policy Brief 1: How Citizen Science Can Add Value to Investigate Compliance of the General Data Protection Regulation (GDPR). ,https://pureportal.coventry.ac.uk/en/publications/csi-cop-policy-brief-1-how-citizen-science-can-add-value-to-inves,"Shah, H.",https://pureportal.coventry.ac.uk/en/persons/huma-shah,30 Mar 2021
113,CSI-COP - 'Your Right to Privacy Online',https://pureportal.coventry.ac.uk/en/publications/csi-cop-your-right-to-privacy-online,"Winter, J.",https://pureportal.coventry.ac.uk/en/persons/jaimz-winter,2021
114,Deciding the consistency of non-linear real arithmetic constraints with a conflict driven search using cylindrical algebraic coverings,https://pureportal.coventry.ac.uk/en/publications/deciding-the-consistency-of-non-linear-real-arithmetic-constraint,"England, M.",https://pureportal.coventry.ac.uk/en/persons/matthew-england,Feb 2021
115,Diversity collaboratively guided random drift particle swarm optimization,https://pureportal.coventry.ac.uk/en/publications/diversity-collaboratively-guided-random-drift-particle-swarm-opti,"Palade, V.",https://pureportal.coventry.ac.uk/en/persons/vasile-palade,13 Jul 2021
116,DMO-QPSO: A multi-objective quantum-behaved particle swarm optimization algorithm based on decomposition with diversity control,https://pureportal.coventry.ac.uk/en/publications/dmo-qpso-a-multi-objective-quantum-behaved-particle-swarm-optimiz,"Palade, V.",https://pureportal.coventry.ac.uk/en/persons/vasile-palade,16 Aug 2021
117,Economic Evaluation of Mental Health Effects of Flooding Using Bayesian Networks,https://pureportal.coventry.ac.uk/en/publications/economic-evaluation-of-mental-health-effects-of-flooding-using-ba,"Daneshkhah, A.",https://pureportal.coventry.ac.uk/en/persons/alireza-daneshkhah,13 Jul 2021
118,Efficient activity recognition using lightweight CNN and DS-GRU network for surveillance applications,https://pureportal.coventry.ac.uk/en/publications/efficient-activity-recognition-using-lightweight-cnn-and-ds-gru-n,"Palade, V.",https://pureportal.coventry.ac.uk/en/persons/vasile-palade,May 2021
119,Efimov-DNA Phase diagram: three stranded DNA on a cubic lattice,https://pureportal.coventry.ac.uk/en/publications/efimov-dna-phase-diagram-three-stranded-dna-on-a-cubic-lattice,"Palade, V.",https://pureportal.coventry.ac.uk/en/persons/vasile-palade,12 Aug 2021
120,EnSuRe: Energy & Accuracy Aware Fault-tolerant Scheduling on Real-time Heterogeneous Systems,https://pureportal.coventry.ac.uk/en/publications/ensure-energy-amp-accuracy-aware-fault-tolerant-scheduling-on-rea,"Kasap, S.",https://pureportal.coventry.ac.uk/en/persons/server-kasap,26 Jul 2021
121,Evaluation of a Switched Combining Based Distributed Antenna System (DAS) for Pedestrian-to-Vehicle Communications,https://pureportal.coventry.ac.uk/en/publications/evaluation-of-a-switched-combining-based-distributed-antenna-syst,"Yoo, S.",https://pureportal.coventry.ac.uk/en/persons/seongki-yoo,5 Aug 2021
122,Finding the Uncomfortable Solution: Responsible Innovation in Humanitarian Energy,https://pureportal.coventry.ac.uk/en/publications/finding-the-uncomfortable-solution-responsible-innovation-in-huma,"Gaura, E.",https://pureportal.coventry.ac.uk/en/persons/elena-gaura,5 Oct 2021
123,Generation of Pedestrian Crossing Scenarios Using Ped-Cross Generative Adversarial Network,https://pureportal.coventry.ac.uk/en/publications/generation-of-pedestrian-crossing-scenarios-using-ped-cross-gener,"Daneshkhah, A.",https://pureportal.coventry.ac.uk/en/persons/alireza-daneshkhah,6 Jan 2021
124,Generative adversarial network-based scheme for diagnosing faults in cyber-physical power systems,https://pureportal.coventry.ac.uk/en/publications/generative-adversarial-network-based-scheme-for-diagnosing-faults,"Palade, V.",https://pureportal.coventry.ac.uk/en/persons/vasile-palade,30 Jul 2021
125,Guest Editorial: Special Issue on Deep Representation and Transfer Learning for Smart and Connected Health,https://pureportal.coventry.ac.uk/en/publications/guest-editorial-special-issue-on-deep-representation-and-transfer,"Palade, V.",https://pureportal.coventry.ac.uk/en/persons/vasile-palade,4 Feb 2021
126,Improving Algebraic Tools to Study Bifurcation Sequences of Population Models,https://pureportal.coventry.ac.uk/en/publications/improving-algebraic-tools-to-study-bifurcation-sequences-of-popul,"England, M.",https://pureportal.coventry.ac.uk/en/persons/matthew-england,14 Sep 2021
127,Improving skin cancer classification using heavy-tailed student t-distribution in generative adversarial networks (Ted-gan),https://pureportal.coventry.ac.uk/en/publications/improving-skin-cancer-classification-using-heavy-tailed-student-t,"Palade, V.",https://pureportal.coventry.ac.uk/en/persons/vasile-palade,19 Nov 2021
128,Investigating the effects of two fragrances on comfort in the automotive context,https://pureportal.coventry.ac.uk/en/publications/investigating-the-effects-of-two-fragrances-on-comfort-in-the-aut,"Brusey, J.",https://pureportal.coventry.ac.uk/en/persons/james-brusey,8 Jan 2021
129,IoT-Enabled Light Intensity-Controlled Seamless Highway Lighting System,https://pureportal.coventry.ac.uk/en/publications/iot-enabled-light-intensity-controlled-seamless-highway-lighting-,"Kurniawan, I. F.",https://pureportal.coventry.ac.uk/en/persons/ibnu-febry-kurniawan,Mar 2021
130,IO-VNBD: Inertial and Odometry benchmark dataset for ground vehicle positioning,https://pureportal.coventry.ac.uk/en/publications/io-vnbd-inertial-and-odometry-benchmark-dataset-for-ground-vehicl-2,"Palade, V.",https://pureportal.coventry.ac.uk/en/persons/vasile-palade,Apr 2021
131,Learning to localise automated vehicles in challenging environments using inertial navigation systems (INS),https://pureportal.coventry.ac.uk/en/publications/learning-to-localise-automated-vehicles-in-challenging-environmen,"Palade, V.",https://pureportal.coventry.ac.uk/en/persons/vasile-palade,30 Jan 2021
132,Learning Uncertainties in Wheel Odometry for Vehicular Localisation in GNSS Deprived Environments,https://pureportal.coventry.ac.uk/en/publications/learning-uncertainties-in-wheel-odometry-for-vehicular-localisati,"Christopoulos, S.",https://pureportal.coventry.ac.uk/en/persons/stavros-christopoulos,Feb 2021
133,Measuring local sensitivity in Bayesian inference using a new class of metrics,https://pureportal.coventry.ac.uk/en/publications/measuring-local-sensitivity-in-bayesian-inference-using-a-new-cla,"Daneshkhah, A.",https://pureportal.coventry.ac.uk/en/persons/alireza-daneshkhah,16 Sep 2021
134,Mobile computing and communications-driven fog-assisted disaster evacuation techniques for context-aware guidance support: A survey,https://pureportal.coventry.ac.uk/en/publications/mobile-computing-and-communications-driven-fog-assisted-disaster-,"He, F.",https://pureportal.coventry.ac.uk/en/persons/fei-he,1 Nov 2021
135,Modelling the effect of market forces on the impact of introducing human immunodeficiency virus pre‐exposure prophylaxis among female sex workers,https://pureportal.coventry.ac.uk/en/publications/modelling-the-effect-of-market-forces-on-the-impact-of-introducin,"He, F.",https://pureportal.coventry.ac.uk/en/persons/fei-he,Mar 2021
136,MSLDOCK: Multi-Swarm Optimization for Flexible Ligand Docking and Virtual Screening,https://pureportal.coventry.ac.uk/en/publications/msldock-multi-swarm-optimization-for-flexible-ligand-docking-and-,"Palade, V.",https://pureportal.coventry.ac.uk/en/persons/vasile-palade,22 Mar 2021
137,Multi-Phase Locking Value: A Generalized Method for Determining Instantaneous Multi-frequency Phase Coupling,https://pureportal.coventry.ac.uk/en/publications/multi-phase-locking-value-a-generalized-method-for-determining-in,"He, F.",https://pureportal.coventry.ac.uk/en/persons/fei-he,20 Feb 2021
138,Nonlinear Estimation of Sensor Faults With Unknown Dynamics for a Fixed Wing Unmanned Aerial Vehicle,https://pureportal.coventry.ac.uk/en/publications/nonlinear-estimation-of-sensor-faults-with-unknown-dynamics-for-a,"Brusey, J.",https://pureportal.coventry.ac.uk/en/persons/james-brusey,19 Jul 2021
139,Nonlinear System Identification of Neural Systems from Neurophysiological Signals,https://pureportal.coventry.ac.uk/en/publications/nonlinear-system-identification-of-neural-systems-from-neurophysi-2,"He, F.",https://pureportal.coventry.ac.uk/en/persons/fei-he,15 Mar 2021
140,Novel lockstep-based fault mitigation approach for SoCs with roll-back and roll-forward recovery,https://pureportal.coventry.ac.uk/en/publications/novel-lockstep-based-fault-mitigation-approach-for-socs-with-roll,"Kasap, S.",https://pureportal.coventry.ac.uk/en/persons/server-kasap,Sep 2021
141,Optimising feedstock flowrate to improve the performance of an existing anaerobic digestion system.,https://pureportal.coventry.ac.uk/en/publications/optimising-feedstock-flowrate-to-improve-the-performance-of-an-ex,"Brusey, J.",https://pureportal.coventry.ac.uk/en/persons/james-brusey,24 Jun 2021
142,Pedestrian and Vehicle Detection in Autonomous Vehicle Perception Systems—A Review,https://pureportal.coventry.ac.uk/en/publications/pedestrian-and-vehicle-detection-in-autonomous-vehicle-perception,"Palade, V.",https://pureportal.coventry.ac.uk/en/persons/vasile-palade,Nov 2021
143,"Predicting mortality, duration of treatment, pulmonary embolism and required ceiling of ventilatory support for COVID-19 inpatients: A Machine-Learning Approach",https://pureportal.coventry.ac.uk/en/publications/predicting-mortality-duration-of-treatment-pulmonary-embolism-and,"Daneshkhah, A.",https://pureportal.coventry.ac.uk/en/persons/alireza-daneshkhah,20 Feb 2021
144,Predicting the technical reusability of load-bearing building components: A probabilistic approach towards developing a Circular Economy framework,https://pureportal.coventry.ac.uk/en/publications/predicting-the-technical-reusability-of-load-bearing-building-com,"Daneshkhah, A.",https://pureportal.coventry.ac.uk/en/persons/alireza-daneshkhah,1 Oct 2021
145,Proving UNSAT in SMT: The Case of Quantifier Free Non-Linear Real Arithmetic,https://pureportal.coventry.ac.uk/en/publications/proving-unsat-in-smt-the-case-of-quantifier-free-non-linear-real-,"England, M.",https://pureportal.coventry.ac.uk/en/persons/matthew-england,16 Jul 2021
146,Real-time registration of 3D echo to X-ray fluoroscopy based on cascading classifiers and image registration,https://pureportal.coventry.ac.uk/en/publications/real-time-registration-of-3d-echo-to-x-ray-fluoroscopy-based-on-c,"Ma, Y.",https://pureportal.coventry.ac.uk/en/persons/yingliang-ma,25 Feb 2021
147,Scenario Optimisation and Sensitivity Analysis for Safe Automated Driving Using Gaussian Processes,https://pureportal.coventry.ac.uk/en/publications/scenario-optimisation-and-sensitivity-analysis-for-safe-automated,"Palade, V.",https://pureportal.coventry.ac.uk/en/persons/vasile-palade,15 Jan 2021
148,Security Improvement for Energy Harvesting based Overlay Cognitive Networks with Jamming-Assisted Full-Duplex Destinations,https://pureportal.coventry.ac.uk/en/publications/security-improvement-for-energy-harvesting-based-overlay-cognitiv,"Yoo, S.",https://pureportal.coventry.ac.uk/en/persons/seongki-yoo,1 Nov 2021
149,Simultaneous Actuator and Sensor Faults Estimation for Aircraft Using a Jump-Markov Regularized Particle Filter,https://pureportal.coventry.ac.uk/en/publications/simultaneous-actuator-and-sensor-faults-estimation-for-aircraft-u,"Brusey, J.",https://pureportal.coventry.ac.uk/en/persons/james-brusey,7 Jun 2021
150,SSF: Smart city Semantics Framework for reusability of semantic data,https://pureportal.coventry.ac.uk/en/publications/ssf-smart-city-semantics-framework-for-reusability-of-semantic-da,"Yoo, S.",https://pureportal.coventry.ac.uk/en/persons/seongki-yoo,7 Dec 2021
151,The challenges of community-based solar energy interventions: Lessons from two Rwandan Refugee Camps,https://pureportal.coventry.ac.uk/en/publications/the-challenges-of-community-based-solar-energy-interventions-less,"Gaura, E.",https://pureportal.coventry.ac.uk/en/persons/elena-gaura,Dec 2021
152,The DEWCAD project: pushing back the doubly exponential wall of cylindrical algebraic decomposition,https://pureportal.coventry.ac.uk/en/publications/the-dewcad-project-pushing-back-the-doubly-exponential-wall-of-cy,"Sadeghimanesh, A.",https://pureportal.coventry.ac.uk/en/persons/amirhosein-sadeghimanesh-sadeghi-manesh,Sep 2021
153,The epidemiological landscape of anemia in women of reproductive age in sub-Saharan Africa,https://pureportal.coventry.ac.uk/en/publications/the-epidemiological-landscape-of-anemia-in-women-of-reproductive-,"Sadeghimanesh, A.",https://pureportal.coventry.ac.uk/en/persons/amirhosein-sadeghimanesh-sadeghi-manesh,7 Jun 2021
154,"The Salience of Islam to Muslim Heritage Children’s Experiences of Identity, Family, and Well-Being in Foster Care",https://pureportal.coventry.ac.uk/en/publications/the-salience-of-islam-to-muslim-heritage-childrens-experiences-of,"Halford, A.",https://pureportal.coventry.ac.uk/en/persons/alison-halford,25 May 2021
155,Topic modelling in precision medicine with its applications in personalized diabetes management,https://pureportal.coventry.ac.uk/en/publications/topic-modelling-in-precision-medicine-with-its-applications-in-pe,"Daneshkhah, A.",https://pureportal.coventry.ac.uk/en/persons/alireza-daneshkhah,18 Jul 2021
156,Towards algorithm-free physical equilibrium model of computing,https://pureportal.coventry.ac.uk/en/publications/towards-algorithm-free-physical-equilibrium-model-of-computing,"Mousavi, S.",https://pureportal.coventry.ac.uk/en/persons/seyed-mousavi-mousavi,Dec 2021
157,Understanding HIV and associated risk factors among religious groups in Zimbabwe,https://pureportal.coventry.ac.uk/en/publications/understanding-hiv-and-associated-risk-factors-among-religious-gro,"Mousavi, S.",https://pureportal.coventry.ac.uk/en/persons/seyed-mousavi-mousavi,17 Feb 2021
158,Unpacking Gender and Sexuality in Contemporary Mormonism,https://pureportal.coventry.ac.uk/en/publications/unpacking-gender-and-sexuality-in-contemporary-mormonism,"Halford, A.",https://pureportal.coventry.ac.uk/en/persons/alison-halford,1 Oct 2021
159,Unsupervised Doppler Radar Based Activity Recognition for e-Healthcare,https://pureportal.coventry.ac.uk/en/publications/unsupervised-doppler-radar-based-activity-recognition-for-e-healt,"Sharifzadeh, S.",https://pureportal.coventry.ac.uk/en/persons/sara-sharifzadeh,2021
160,Using Machine Learning Algorithms to Develop a Clinical Decision-Making Tool for COVID-19 Inpatients,https://pureportal.coventry.ac.uk/en/publications/using-machine-learning-algorithms-to-develop-a-clinical-decision-,"Daneshkhah, A.",https://pureportal.coventry.ac.uk/en/persons/alireza-daneshkhah,9 Jun 2021
161,WhONet: Wheel Odometry neural Network for vehicular localisation in GNSS-deprived environments,https://pureportal.coventry.ac.uk/en/publications/whonet-wheel-odometry-neural-network-for-vehicular-localisation-i,"Fitzpatrick, M. E.",https://pureportal.coventry.ac.uk/en/persons/michael-fitzpatrick,Oct 2021
162,"Working Towards Modern, Affordable & Sustainable Energy Systems in the Context of Displacement: Recommendations for Researchers and Practitioners",https://pureportal.coventry.ac.uk/en/publications/working-towards-modern-affordable-amp-sustainable-energy-systems-,"Halford, A.",https://pureportal.coventry.ac.uk/en/persons/alison-halford,18 Jan 2021
163,"‘Come, Follow Me’, The Sacralising of the Home, and The Guardian of the Family: How Do European Women Negotiate the Domestic Space in the Church of Jesus Christ of Latter-Day Saints?",https://pureportal.coventry.ac.uk/en/publications/come-follow-me-the-sacralising-of-the-home-and-the-guardian-of-th,"Halford, A.",https://pureportal.coventry.ac.uk/en/persons/alison-halford,12 May 2021
164,A Leap from Randomized to Quantum Clustering with Support Vector Machine - A Computation Complexity Analysis,https://pureportal.coventry.ac.uk/en/publications/a-leap-from-randomized-to-quantum-clustering-with-support-vector-,"Palade, V.",https://pureportal.coventry.ac.uk/en/persons/vasile-palade,3 Aug 2020
165,A low cost and highly accurate technique for big data spatial-temporal interpolation,https://pureportal.coventry.ac.uk/en/publications/a-low-cost-and-highly-accurate-technique-for-big-data-spatial-tem,"Daneshkhah, A.",https://pureportal.coventry.ac.uk/en/persons/alireza-daneshkhah,1 Jul 2020
166,A machine learning based software pipeline to pick the variable ordering for algorithms with polynomial inputs,https://pureportal.coventry.ac.uk/en/publications/a-machine-learning-based-software-pipeline-to-pick-the-variable-o,"England, M.",https://pureportal.coventry.ac.uk/en/persons/matthew-england,8 Jul 2020
167,A new hardware approach to self-organizing maps,https://pureportal.coventry.ac.uk/en/publications/a-new-hardware-approach-to-self-organizing-maps,"Gaura, E.",https://pureportal.coventry.ac.uk/en/persons/elena-gaura,31 Jul 2020
168,A scalable hybrid MAC strategy for traffic-differentiated IoT-enabled intra-vehicular networks,https://pureportal.coventry.ac.uk/en/publications/a-scalable-hybrid-mac-strategy-for-traffic-differentiated-iot-ena,"Kurniawan, I. F.",https://pureportal.coventry.ac.uk/en/persons/ibnu-febry-kurniawan,1 May 2020
169,Behavioural Analytics: A Preventative Means for the Future of Policing,https://pureportal.coventry.ac.uk/en/publications/behavioural-analytics-a-preventative-means-for-the-future-of-poli,"Daneshkhah, A.",https://pureportal.coventry.ac.uk/en/persons/alireza-daneshkhah,17 Jul 2020
170,Components reuse in the building sector – A systematic review,https://pureportal.coventry.ac.uk/en/publications/components-reuse-in-the-building-sector-a-systematic-review,"Daneshkhah, A.",https://pureportal.coventry.ac.uk/en/persons/alireza-daneshkhah,1 Apr 2020
171,Constructing gene regulatory networks from microarray data using non-Gaussian pair-copula Bayesian networks,https://pureportal.coventry.ac.uk/en/publications/constructing-gene-regulatory-networks-from-microarray-data-using-,"Daneshkhah, A.",https://pureportal.coventry.ac.uk/en/persons/alireza-daneshkhah,24 Jul 2020
172,Contemporary Issues for the Church of Jesus Christ of Latter-day Saints in Ireland and the United Kingdom,https://pureportal.coventry.ac.uk/en/publications/contemporary-issues-for-the-church-of-jesus-christ-of-latter-day-,"Halford, A.",https://pureportal.coventry.ac.uk/en/persons/alison-halford,29 Nov 2020
173,Copula-based probabilistic assessment of intensity and duration of cold episodes: A case study of Malayer vineyard region,https://pureportal.coventry.ac.uk/en/publications/copula-based-probabilistic-assessment-of-intensity-and-duration-o,"Daneshkhah, A.",https://pureportal.coventry.ac.uk/en/persons/alireza-daneshkhah,15 Dec 2020
174,Digital Twin Technologies and Smart Cities,https://pureportal.coventry.ac.uk/en/publications/digital-twin-technologies-and-smart-cities,"Daneshkhah, A. (ed.)",https://pureportal.coventry.ac.uk/en/persons/alireza-daneshkhah,2020
175,Effective Capacity Analysis over Generalized Composite Fading Channels,https://pureportal.coventry.ac.uk/en/publications/effective-capacity-analysis-over-generalized-composite-fading-cha,"Yoo, S. K.",https://pureportal.coventry.ac.uk/en/persons/seongki-yoo,17 Jun 2020
176,Energy Optimization on Joint Task Computation Using Genetic Algorithm,https://pureportal.coventry.ac.uk/en/publications/energy-optimization-on-joint-task-computation-using-genetic-algor,"He, F.",https://pureportal.coventry.ac.uk/en/persons/fei-he,21 Dec 2020
177,"Evaluating assumptions of scales for subjective assessment of thermal environments – Do laypersons perceive them the way, we researchers believe?",https://pureportal.coventry.ac.uk/en/publications/evaluating-assumptions-of-scales-for-subjective-assessment-of-the,"Montazami, A.",https://pureportal.coventry.ac.uk/en/persons/azadeh-montazami,15 Mar 2020
178,Farm Area Segmentation in Satellite Images Using DeepLabv3+ Neural Networks,https://pureportal.coventry.ac.uk/en/publications/farm-area-segmentation-in-satellite-images-using-deeplabv3-neural,"Sharifzadeh, S.",https://pureportal.coventry.ac.uk/en/persons/sara-sharifzadeh,30 Jul 2020
179,Generation of pedestrian pose structures using generative adversarial networks,https://pureportal.coventry.ac.uk/en/publications/generation-of-pedestrian-pose-structures-using-generative-adversa,"Daneshkhah, A.",https://pureportal.coventry.ac.uk/en/persons/alireza-daneshkhah,17 Feb 2020
180,Geometrical Frustration in Interacting Self-Avoiding Walk Models of Polymers in Dilute Solution,https://pureportal.coventry.ac.uk/en/publications/geometrical-frustration-in-interacting-self-avoiding-walk-models-,"Daneshkhah, A.",https://pureportal.coventry.ac.uk/en/persons/alireza-daneshkhah,22 Jul 2020
181,Individual and community-level benefits of PrEP in western Kenya and South Africa: Implications for population prioritization of PrEP provision,https://pureportal.coventry.ac.uk/en/publications/individual-and-community-level-benefits-of-prep-in-western-kenya-,"Daneshkhah, A.",https://pureportal.coventry.ac.uk/en/persons/alireza-daneshkhah,31 Dec 2020
182,Indoor Visible Light Communication: A Tutorial and Survey,https://pureportal.coventry.ac.uk/en/publications/indoor-visible-light-communication-a-tutorial-and-survey,"Khan, A. S.",https://pureportal.coventry.ac.uk/en/persons/amjad-saeed-khan,11 Dec 2020
183,IO-VNBD: Inertial and Odometry Benchmark Dataset for Ground Vehicle Positioning,https://pureportal.coventry.ac.uk/en/publications/io-vnbd-inertial-and-odometry-benchmark-dataset-for-ground-vehicl,"Palade, V.",https://pureportal.coventry.ac.uk/en/persons/vasile-palade,4 May 2020
184,Is modelling complexity always needed? Insights from modelling PrEP introduction in South Africa,https://pureportal.coventry.ac.uk/en/publications/is-modelling-complexity-always-needed-insights-from-modelling-pre,"Palade, V.",https://pureportal.coventry.ac.uk/en/persons/vasile-palade,23 Nov 2020
185,Nonlinear System Identification of Neural Systems from Neurophysiological Signals,https://pureportal.coventry.ac.uk/en/publications/nonlinear-system-identification-of-neural-systems-from-neurophysi,"He, F.",https://pureportal.coventry.ac.uk/en/persons/fei-he,Aug 2020
186,On Shadowing the κ-μ Fading Model,https://pureportal.coventry.ac.uk/en/publications/on-shadowing-the-%CE%BA-%CE%BC-fading-model,"Yoo, S. K.",https://pureportal.coventry.ac.uk/en/persons/seongki-yoo,29 Jul 2020
187,On the functional central limit theorem for first passage time of nonlinear semi-Markov reward processes,https://pureportal.coventry.ac.uk/en/publications/on-the-functional-central-limit-theorem-for-first-passage-time-of,"Daneshkhah, A.",https://pureportal.coventry.ac.uk/en/persons/alireza-daneshkhah,1 Oct 2020
188,Opinion evidence in Cell Site Analysis,https://pureportal.coventry.ac.uk/en/publications/opinion-evidence-in-cell-site-analysis,"Tart, M. S.",https://pureportal.coventry.ac.uk/en/persons/matthew-stephen-tart,Jul 2020
189,Polymer in wedge-shaped confinement: Effect on the θ  temperature,https://pureportal.coventry.ac.uk/en/publications/polymer-in-wedge-shaped-confinement-effect-on-the-%CE%B8-temperature,"Tart, M. S.",https://pureportal.coventry.ac.uk/en/persons/matthew-stephen-tart,20 Mar 2020
190,Quantifying early COVID-19 outbreak transmission in South Africa and exploring vaccine efficacy scenarios,https://pureportal.coventry.ac.uk/en/publications/quantifying-early-covid-19-outbreak-transmission-in-south-africa-,"Tart, M. S.",https://pureportal.coventry.ac.uk/en/persons/matthew-stephen-tart,24 Jul 2020
191,Safeguarding gains in the Sexual and Reproductive Health and AIDS Response amidst COVID-19: The Role of African Civil Society,https://pureportal.coventry.ac.uk/en/publications/safeguarding-gains-in-the-sexual-and-reproductive-health-and-aids,"Tart, M. S.",https://pureportal.coventry.ac.uk/en/persons/matthew-stephen-tart,1 Nov 2020
192,Some Computational Considerations for Kernel-Based Support Vector Machine,https://pureportal.coventry.ac.uk/en/publications/some-computational-considerations-for-kernel-based-support-vector,"Daneshkhah, A.",https://pureportal.coventry.ac.uk/en/persons/alireza-daneshkhah,2020
193,Spatiotemporal transmission dynamics of the COVID-19 pandemic and its impact on critical healthcare capacity,https://pureportal.coventry.ac.uk/en/publications/spatiotemporal-transmission-dynamics-of-the-covid-19-pandemic-and,"Daneshkhah, A.",https://pureportal.coventry.ac.uk/en/persons/alireza-daneshkhah,Jul 2020
194,Stemming cholera tides in Zimbabwe through mass vaccination,https://pureportal.coventry.ac.uk/en/publications/stemming-cholera-tides-in-zimbabwe-through-mass-vaccination,"Daneshkhah, A.",https://pureportal.coventry.ac.uk/en/persons/alireza-daneshkhah,1 Jul 2020
195,"The empty womb, the unanswered prayer: Female Infertility and involuntary childlessness in British Mormon communities",https://pureportal.coventry.ac.uk/en/publications/the-empty-womb-the-unanswered-prayer-female-infertility-and-invol,"Halford, A.",https://pureportal.coventry.ac.uk/en/persons/alison-halford,28 Dec 2020
196,The impact of physical exercise on the fatigue symptoms in patients with multiple sclerosis: A systematic review and meta-analysis,https://pureportal.coventry.ac.uk/en/publications/the-impact-of-physical-exercise-on-the-fatigue-symptoms-in-patien,"Daneshkhah, A.",https://pureportal.coventry.ac.uk/en/persons/alireza-daneshkhah,13 Mar 2020
197,"The influence of acclimatization, age and gender-related differences on thermal perception in university buildings: case studies in Scotland and England",https://pureportal.coventry.ac.uk/en/publications/the-influence-of-acclimatization-age-and-gender-related-differenc,"Montazami, A.",https://pureportal.coventry.ac.uk/en/persons/azadeh-montazami,15 Jul 2020
198,The prevalence of Restless Legs Syndrome/Willis-ekbom disease (RLS/WED) in the third trimester of pregnancy: a systematic review,https://pureportal.coventry.ac.uk/en/publications/the-prevalence-of-restless-legs-syndromewillis-ekbom-disease-rlsw,"Daneshkhah, A.",https://pureportal.coventry.ac.uk/en/persons/alireza-daneshkhah,13 Apr 2020
199,The prevalence of severe depression in Iranian older adult: a meta-analysis and meta-regression,https://pureportal.coventry.ac.uk/en/publications/the-prevalence-of-severe-depression-in-iranian-older-adult-a-meta,"Daneshkhah, A.",https://pureportal.coventry.ac.uk/en/persons/alireza-daneshkhah,3 Feb 2020
200,The prevalence of sleep disturbances among physicians and nurses facing the COVID-19 patients: a systematic review and meta-analysis,https://pureportal.coventry.ac.uk/en/publications/the-prevalence-of-sleep-disturbances-among-physicians-and-nurses-,"Daneshkhah, A.",https://pureportal.coventry.ac.uk/en/persons/alireza-daneshkhah,29 Sep 2020
201,"The prevalence of stress, anxiety and depression within front-line healthcare workers caring for COVID-19 patients: a systematic review and meta-regression",https://pureportal.coventry.ac.uk/en/publications/the-prevalence-of-stress-anxiety-and-depression-within-front-line,"Daneshkhah, A.",https://pureportal.coventry.ac.uk/en/persons/alireza-daneshkhah,17 Dec 2020
202,Time to Scale Up Preexposure Prophylaxis Beyond the Highest-Risk Populations? Modeling Insights From High-Risk Women in Sub-Saharan Africa,https://pureportal.coventry.ac.uk/en/publications/time-to-scale-up-preexposure-prophylaxis-beyond-the-highest-risk-,"Daneshkhah, A.",https://pureportal.coventry.ac.uk/en/persons/alireza-daneshkhah,1 Nov 2020
203,"Understanding Household Fuel Choice Behaviour in the Amazonas State, Brazil: Effects of Validation and Feature Selection",https://pureportal.coventry.ac.uk/en/publications/understanding-household-fuel-choice-behaviour-in-the-amazonas-sta,"Brusey, J.",https://pureportal.coventry.ac.uk/en/persons/james-brusey,28 Jul 2020
204,Vehicular localisation at high and low estimation rates during gnss outages: A deep learning approach,https://pureportal.coventry.ac.uk/en/publications/vehicular-localisation-at-high-and-low-estimation-rates-during-gn,"Christopoulos, S. R. G.",https://pureportal.coventry.ac.uk/en/persons/stavros-christopoulos,25 Sep 2020
205,Cell site analysis: Roles and interpretation,https://pureportal.coventry.ac.uk/en/publications/cell-site-analysis-roles-and-interpretation,"Tart, M. S.",https://pureportal.coventry.ac.uk/en/persons/matthew-stephen-tart,28 Aug 2019
206,Mass transpiration in magneto-hydrodynamic boundary layer flow over a superlinear stretching sheet embedded in porous medium with slip,https://pureportal.coventry.ac.uk/en/publications/mass-transpiration-in-magneto-hydrodynamic-boundary-layer-flow-ov,"Daneshkhah, A.",https://pureportal.coventry.ac.uk/en/persons/alireza-daneshkhah,1 Jan 2019
207,Remote sensing technologies and energy applications in refugee camps,https://pureportal.coventry.ac.uk/en/publications/remote-sensing-technologies-and-energy-applications-in-refugee-ca,"Gaura, E.",https://pureportal.coventry.ac.uk/en/persons/elena-gaura,1 Jan 2019
208,Spontaneous Fruit Fly Optimisation for truss weight minimisation: Performance evaluation based on the no free lunch theorem,https://pureportal.coventry.ac.uk/en/publications/spontaneous-fruit-fly-optimisation-for-truss-weight-minimisation-,"Fitzpatrick, M. E.",https://pureportal.coventry.ac.uk/en/persons/michael-fitzpatrick,24 Sep 2019
209,"The Scales Project, a cross-national dataset on the interpretation of thermal perception scales",https://pureportal.coventry.ac.uk/en/publications/the-scales-project-a-cross-national-dataset-on-the-interpretation,"Fitzpatrick, M. E.",https://pureportal.coventry.ac.uk/en/persons/michael-fitzpatrick,26 Nov 2019
210,Algebraic tools in the study of Multistationarity of Chemical Reaction Networks,https://pureportal.coventry.ac.uk/en/publications/algebraic-tools-in-the-study-of-multistationarity-of-chemical-rea,"Sadeghimanesh, A.",https://pureportal.coventry.ac.uk/en/persons/amirhosein-sadeghimanesh-sadeghi-manesh,Oct 2018
211,Among the last ones to leave? Understanding the Journeys of Muslim Children in the Care System in England,https://pureportal.coventry.ac.uk/en/publications/among-the-last-ones-to-leave-understanding-the-journeys-of-muslim,"Halford, A.",https://pureportal.coventry.ac.uk/en/persons/alison-halford,2018
212,Discrete Weighted Exponential Distribution of the Second Type: Properties and Applications,https://pureportal.coventry.ac.uk/en/publications/discrete-weighted-exponential-distribution-of-the-second-type-pro,"Daneshkhah, A.",https://pureportal.coventry.ac.uk/en/persons/alireza-daneshkhah,2018
213,h*pt: 一种鼓励质量平衡产量的 h 型指数,https://pureportal.coventry.ac.uk/en/publications/hpt-an-h-type-index-encouraging-quality-and-balancing-productivit,"Jiang, X.",https://pureportal.coventry.ac.uk/en/persons/xiaorui-jiang,Jan 2017
214,基于城市群的空气质量数据的可视分析方法研究,https://pureportal.coventry.ac.uk/en/publications/urban-agglomerations-based-visual-analysis-of-air-quality-data,"Jiang, X.",https://pureportal.coventry.ac.uk/en/persons/xiaorui-jiang,15 Mar 2017
215,Major Differences of Cloud Computing Adoption in Universities: Europe vs Middle East,https://pureportal.coventry.ac.uk/en/publications/major-differences-of-cloud-computing-adoption-in-universities-eur-2,"Warwick, K.",https://pureportal.coventry.ac.uk/en/persons/kevin-warwick,Dec 2014
216,Extraction of cardiac and respiratory motion information from cardiac x-ray fluoroscopy images using hierarchical manifold learning,https://pureportal.coventry.ac.uk/en/publications/extraction-of-cardiac-and-respiratory-motion-information-from-car,"Ma, Y.",https://pureportal.coventry.ac.uk/en/persons/yingliang-ma,2013
217,Infarct Segmentation Challenge on Delayed Enhancement MRI of the Left Ventricle,https://pureportal.coventry.ac.uk/en/publications/infarct-segmentation-challenge-on-delayed-enhancement-mri-of-the-,"Ma, Y.",https://pureportal.coventry.ac.uk/en/persons/yingliang-ma,2013
218,Real-Time Catheter Extraction from 2D X-Ray Fluoroscopic and 3D Echocardiographic Images for Cardiac Interventions,https://pureportal.coventry.ac.uk/en/publications/real-time-catheter-extraction-from-2d-x-ray-fluoroscopic-and-3d-e,"Ma, Y.",https://pureportal.coventry.ac.uk/en/persons/yingliang-ma,2013
219,Adding Logical Operators to Tree Pattern Queries onGraph-Structured Data,https://pureportal.coventry.ac.uk/en/publications/adding-logical-operators-to-tree-pattern-queries-ongraph-structur,"Jiang, X.",https://pureportal.coventry.ac.uk/en/persons/xiaorui-jiang,Aug 2012
